{
  "lr": {
    "accuracy": 0.6860311861889734,
    "macro_f1": 0.4306889013350418,
    "weighted_f1": 0.7087398599386004,
    "roc_auc_ovr": 0.9193961709121844,
    "macro_far": 0.037219276749213326,
    "per_class_far": {
      "0": 0.03866372731897575,
      "1": 0.008756649875241279,
      "2": 0.014615044162641677,
      "3": 0.0323791753890962,
      "4": 0.069472649852604,
      "5": 0.005185449840187719,
      "6": 0.07452103849597135,
      "7": 0.060009179987626976,
      "8": 0.03024875995086686,
      "9": 0.038341092618921505
    },
    "classification_report": {
      "analysis": {
        "precision": 0.16210698244181299,
        "recall": 0.4981179422835634,
        "f1-score": 0.24460874922982132,
        "support": 1594.0
      },
      "backdoor": {
        "precision": 0.15989159891598917,
        "recall": 0.11530944625407166,
        "f1-score": 0.1339894019682059,
        "support": 1535.0
      },
      "dos": {
        "precision": 0.22062596203181117,
        "recall": 0.11297950604308986,
        "f1-score": 0.14943527367506515,
        "support": 3806.0
      },
      "exploits": {
        "precision": 0.8006444382179883,
        "recall": 0.5759927433985084,
        "f1-score": 0.6699882766705745,
        "support": 19844.0
      },
      "fuzzers": {
        "precision": 0.5644465740297077,
        "recall": 0.5105882352941177,
        "f1-score": 0.536168275951754,
        "support": 16150.0
      },
      "generic": {
        "precision": 0.862554389557205,
        "recall": 0.8060272662042574,
        "f1-score": 0.8333333333333334,
        "support": 4181.0
      },
      "normal": {
        "precision": 0.9139673811935424,
        "recall": 0.8520909616496435,
        "f1-score": 0.8819452062991812,
        "support": 51890.0
      },
      "reconnaissance": {
        "precision": 0.41679596586501166,
        "recall": 0.5713905876096783,
        "f1-score": 0.4820006728720422,
        "support": 7522.0
      },
      "shellcode": {
        "precision": 0.20989468528043106,
        "recall": 0.7855178735105408,
        "f1-score": 0.33127174333204484,
        "support": 1091.0
      },
      "worms": {
        "precision": 0.022738038844149693,
        "recall": 0.7559055118110236,
        "f1-score": 0.044148080018395035,
        "support": 127.0
      },
      "accuracy": 0.6860311861889734,
      "macro avg": {
        "precision": 0.43336660163776486,
        "recall": 0.5583920074058495,
        "f1-score": 0.4306889013350418,
        "support": 107740.0
      },
      "weighted avg": {
        "precision": 0.7494566952766034,
        "recall": 0.6860311861889734,
        "f1-score": 0.7087398599386004,
        "support": 107740.0
      }
    },
    "confusion_matrix": [
      [
        794,
        152,
        68,
        176,
        51,
        20,
        213,
        118,
        0,
        2
      ],
      [
        759,
        177,
        115,
        20,
        66,
        23,
        49,
        261,
        27,
        38
      ],
      [
        775,
        176,
        430,
        1205,
        199,
        97,
        155,
        293,
        211,
        265
      ],
      [
        868,
        188,
        969,
        11430,
        877,
        224,
        636,
        1364,
        734,
        2554
      ],
      [
        756,
        188,
        140,
        406,
        8246,
        94,
        2822,
        2350,
        921,
        227
      ],
      [
        182,
        29,
        57,
        277,
        54,
        3370,
        21,
        47,
        58,
        86
      ],
      [
        8,
        16,
        85,
        731,
        4867,
        22,
        44215,
        1431,
        461,
        54
      ],
      [
        756,
        181,
        84,
        26,
        211,
        56,
        228,
        4298,
        810,
        872
      ],
      [
        0,
        0,
        0,
        2,
        37,
        0,
        30,
        137,
        857,
        28
      ],
      [
        0,
        0,
        1,
        3,
        1,
        1,
        8,
        13,
        4,
        96
      ]
    ],
    "cv_scores": [
      {
        "fold": 1,
        "accuracy": 0.6493109550109926,
        "macro_f1": 0.39815403036127417
      },
      {
        "fold": 2,
        "accuracy": 0.6506327756327757,
        "macro_f1": 0.400785758008532
      },
      {
        "fold": 3,
        "accuracy": 0.6564242814242814,
        "macro_f1": 0.40477220040559514
      }
    ],
    "train_seconds": 33.31160010000167
  },
  "rf": {
    "accuracy": 0.7448487098570633,
    "macro_f1": 0.5031950515065508,
    "weighted_f1": 0.7170678591865453,
    "roc_auc_ovr": 0.9466955808171862,
    "macro_far": 0.038541725250739386,
    "per_class_far": {
      "0": 0.025163454110376276,
      "1": 0.008850807400781507,
      "2": 0.026045374949487176,
      "3": 0.0333348502776008,
      "4": 0.012097390544819304,
      "5": 0.005465483444220203,
      "6": 0.24837958818263206,
      "7": 0.013959568141451635,
      "8": 0.0076231375821620454,
      "9": 0.004497597873862823
    },
    "classification_report": {
      "analysis": {
        "precision": 0.1611180904522613,
        "recall": 0.321831869510665,
        "f1-score": 0.2147341984093763,
        "support": 1594.0
      },
      "backdoor": {
        "precision": 0.22633744855967078,
        "recall": 0.1791530944625407,
        "f1-score": 0.2,
        "support": 1535.0
      },
      "dos": {
        "precision": 0.29061844863731656,
        "recall": 0.29138202837624805,
        "f1-score": 0.29099973760167935,
        "support": 3806.0
      },
      "exploits": {
        "precision": 0.8380678678014811,
        "recall": 0.7641604515218706,
        "f1-score": 0.7994095629711635,
        "support": 19844.0
      },
      "fuzzers": {
        "precision": 0.724993794986349,
        "recall": 0.18086687306501548,
        "f1-score": 0.28950889538629265,
        "support": 16150.0
      },
      "generic": {
        "precision": 0.8592039800995025,
        "recall": 0.8261181535517819,
        "f1-score": 0.8423363004511645,
        "support": 4181.0
      },
      "normal": {
        "precision": 0.78482681598908,
        "recall": 0.975081904027751,
        "f1-score": 0.8696705884375081,
        "support": 51890.0
      },
      "reconnaissance": {
        "precision": 0.7927714412679603,
        "recall": 0.7115128955065142,
        "f1-score": 0.7499474532333777,
        "support": 7522.0
      },
      "shellcode": {
        "precision": 0.4972170686456401,
        "recall": 0.7369385884509624,
        "f1-score": 0.5937961595273265,
        "support": 1091.0
      },
      "worms": {
        "precision": 0.11192660550458716,
        "recall": 0.48031496062992124,
        "f1-score": 0.18154761904761904,
        "support": 127.0
      },
      "accuracy": 0.7448487098570633,
      "macro avg": {
        "precision": 0.5287081561943849,
        "recall": 0.546736081910327,
        "f1-score": 0.5031950515065508,
        "support": 107740.0
      },
      "weighted avg": {
        "precision": 0.7507565732076686,
        "recall": 0.7448487098570633,
        "f1-score": 0.7170678591865453,
        "support": 107740.0
      }
    },